[
  {
    "name": "Application Start",
    "start": 1575691672975,
    "end": 1575691673179,
    "duration": 204,
    "pid": 17050,
    "index": 0
  },
  {
    "name": "Load Plugin",
    "start": 1575691672980,
    "end": 1575691672988,
    "duration": 8,
    "pid": 17050,
    "index": 1
  },
  {
    "name": "Load Config",
    "start": 1575691672988,
    "end": 1575691673000,
    "duration": 12,
    "pid": 17050,
    "index": 2
  },
  {
    "name": "Require(0) config/config.default.js",
    "start": 1575691672988,
    "end": 1575691672989,
    "duration": 1,
    "pid": 17050,
    "index": 3
  },
  {
    "name": "Require(1) node_modules/egg-session/config/config.default.js",
    "start": 1575691672990,
    "end": 1575691672990,
    "duration": 0,
    "pid": 17050,
    "index": 4
  },
  {
    "name": "Require(2) node_modules/egg-security/config/config.default.js",
    "start": 1575691672990,
    "end": 1575691672990,
    "duration": 0,
    "pid": 17050,
    "index": 5
  },
  {
    "name": "Require(3) node_modules/egg-jsonp/config/config.default.js",
    "start": 1575691672991,
    "end": 1575691672991,
    "duration": 0,
    "pid": 17050,
    "index": 6
  },
  {
    "name": "Require(4) node_modules/egg-onerror/config/config.default.js",
    "start": 1575691672991,
    "end": 1575691672991,
    "duration": 0,
    "pid": 17050,
    "index": 7
  },
  {
    "name": "Require(5) node_modules/egg-i18n/config/config.default.js",
    "start": 1575691672992,
    "end": 1575691672992,
    "duration": 0,
    "pid": 17050,
    "index": 8
  },
  {
    "name": "Require(6) node_modules/egg-watcher/config/config.default.js",
    "start": 1575691672992,
    "end": 1575691672992,
    "duration": 0,
    "pid": 17050,
    "index": 9
  },
  {
    "name": "Require(7) node_modules/egg-schedule/config/config.default.js",
    "start": 1575691672993,
    "end": 1575691672993,
    "duration": 0,
    "pid": 17050,
    "index": 10
  },
  {
    "name": "Require(8) node_modules/egg-multipart/config/config.default.js",
    "start": 1575691672993,
    "end": 1575691672993,
    "duration": 0,
    "pid": 17050,
    "index": 11
  },
  {
    "name": "Require(9) node_modules/egg-development/config/config.default.js",
    "start": 1575691672994,
    "end": 1575691672994,
    "duration": 0,
    "pid": 17050,
    "index": 12
  },
  {
    "name": "Require(10) node_modules/egg-logrotator/config/config.default.js",
    "start": 1575691672994,
    "end": 1575691672994,
    "duration": 0,
    "pid": 17050,
    "index": 13
  },
  {
    "name": "Require(11) node_modules/egg-static/config/config.default.js",
    "start": 1575691672995,
    "end": 1575691672995,
    "duration": 0,
    "pid": 17050,
    "index": 14
  },
  {
    "name": "Require(12) node_modules/egg-view/config/config.default.js",
    "start": 1575691672995,
    "end": 1575691672995,
    "duration": 0,
    "pid": 17050,
    "index": 15
  },
  {
    "name": "Require(13) node_modules/egg/config/config.default.js",
    "start": 1575691672996,
    "end": 1575691672996,
    "duration": 0,
    "pid": 17050,
    "index": 16
  },
  {
    "name": "Require(14) config/config.default.js",
    "start": 1575691672997,
    "end": 1575691672997,
    "duration": 0,
    "pid": 17050,
    "index": 17
  },
  {
    "name": "Require(15) node_modules/egg-security/config/config.local.js",
    "start": 1575691672998,
    "end": 1575691672998,
    "duration": 0,
    "pid": 17050,
    "index": 18
  },
  {
    "name": "Require(16) node_modules/egg-watcher/config/config.local.js",
    "start": 1575691672998,
    "end": 1575691672998,
    "duration": 0,
    "pid": 17050,
    "index": 19
  },
  {
    "name": "Require(17) node_modules/egg-view/config/config.local.js",
    "start": 1575691672999,
    "end": 1575691672999,
    "duration": 0,
    "pid": 17050,
    "index": 20
  },
  {
    "name": "Require(18) node_modules/egg/config/config.local.js",
    "start": 1575691672999,
    "end": 1575691673000,
    "duration": 1,
    "pid": 17050,
    "index": 21
  },
  {
    "name": "Load extend/application.js",
    "start": 1575691673001,
    "end": 1575691673006,
    "duration": 5,
    "pid": 17050,
    "index": 22
  },
  {
    "name": "Require(19) node_modules/egg-session/app/extend/application.js",
    "start": 1575691673001,
    "end": 1575691673002,
    "duration": 1,
    "pid": 17050,
    "index": 23
  },
  {
    "name": "Require(20) node_modules/egg-security/app/extend/application.js",
    "start": 1575691673002,
    "end": 1575691673002,
    "duration": 0,
    "pid": 17050,
    "index": 24
  },
  {
    "name": "Require(21) node_modules/egg-jsonp/app/extend/application.js",
    "start": 1575691673002,
    "end": 1575691673003,
    "duration": 1,
    "pid": 17050,
    "index": 25
  },
  {
    "name": "Require(22) node_modules/egg-logrotator/app/extend/application.js",
    "start": 1575691673004,
    "end": 1575691673005,
    "duration": 1,
    "pid": 17050,
    "index": 26
  },
  {
    "name": "Require(23) node_modules/egg-view/app/extend/application.js",
    "start": 1575691673005,
    "end": 1575691673005,
    "duration": 0,
    "pid": 17050,
    "index": 27
  },
  {
    "name": "Load extend/request.js",
    "start": 1575691673006,
    "end": 1575691673008,
    "duration": 2,
    "pid": 17050,
    "index": 28
  },
  {
    "name": "Require(24) node_modules/egg/app/extend/request.js",
    "start": 1575691673007,
    "end": 1575691673008,
    "duration": 1,
    "pid": 17050,
    "index": 29
  },
  {
    "name": "Load extend/response.js",
    "start": 1575691673008,
    "end": 1575691673011,
    "duration": 3,
    "pid": 17050,
    "index": 30
  },
  {
    "name": "Require(25) node_modules/egg/app/extend/response.js",
    "start": 1575691673009,
    "end": 1575691673010,
    "duration": 1,
    "pid": 17050,
    "index": 31
  },
  {
    "name": "Load extend/context.js",
    "start": 1575691673011,
    "end": 1575691673051,
    "duration": 40,
    "pid": 17050,
    "index": 32
  },
  {
    "name": "Require(26) node_modules/egg-security/app/extend/context.js",
    "start": 1575691673011,
    "end": 1575691673015,
    "duration": 4,
    "pid": 17050,
    "index": 33
  },
  {
    "name": "Require(27) node_modules/egg-jsonp/app/extend/context.js",
    "start": 1575691673016,
    "end": 1575691673016,
    "duration": 0,
    "pid": 17050,
    "index": 34
  },
  {
    "name": "Require(28) node_modules/egg-i18n/app/extend/context.js",
    "start": 1575691673017,
    "end": 1575691673017,
    "duration": 0,
    "pid": 17050,
    "index": 35
  },
  {
    "name": "Require(29) node_modules/egg-multipart/app/extend/context.js",
    "start": 1575691673017,
    "end": 1575691673049,
    "duration": 32,
    "pid": 17050,
    "index": 36
  },
  {
    "name": "Require(30) node_modules/egg-view/app/extend/context.js",
    "start": 1575691673049,
    "end": 1575691673050,
    "duration": 1,
    "pid": 17050,
    "index": 37
  },
  {
    "name": "Require(31) node_modules/egg/app/extend/context.js",
    "start": 1575691673050,
    "end": 1575691673050,
    "duration": 0,
    "pid": 17050,
    "index": 38
  },
  {
    "name": "Load extend/helper.js",
    "start": 1575691673051,
    "end": 1575691673061,
    "duration": 10,
    "pid": 17050,
    "index": 39
  },
  {
    "name": "Require(32) node_modules/egg-security/app/extend/helper.js",
    "start": 1575691673051,
    "end": 1575691673060,
    "duration": 9,
    "pid": 17050,
    "index": 40
  },
  {
    "name": "Require(33) node_modules/egg/app/extend/helper.js",
    "start": 1575691673060,
    "end": 1575691673061,
    "duration": 1,
    "pid": 17050,
    "index": 41
  },
  {
    "name": "Load app.js",
    "start": 1575691673061,
    "end": 1575691673082,
    "duration": 21,
    "pid": 17050,
    "index": 42
  },
  {
    "name": "Require(34) node_modules/egg-session/app.js",
    "start": 1575691673062,
    "end": 1575691673062,
    "duration": 0,
    "pid": 17050,
    "index": 43
  },
  {
    "name": "Require(35) node_modules/egg-security/app.js",
    "start": 1575691673062,
    "end": 1575691673063,
    "duration": 1,
    "pid": 17050,
    "index": 44
  },
  {
    "name": "Require(36) node_modules/egg-onerror/app.js",
    "start": 1575691673063,
    "end": 1575691673067,
    "duration": 4,
    "pid": 17050,
    "index": 45
  },
  {
    "name": "Require(37) node_modules/egg-i18n/app.js",
    "start": 1575691673067,
    "end": 1575691673073,
    "duration": 6,
    "pid": 17050,
    "index": 46
  },
  {
    "name": "Require(38) node_modules/egg-watcher/app.js",
    "start": 1575691673074,
    "end": 1575691673078,
    "duration": 4,
    "pid": 17050,
    "index": 47
  },
  {
    "name": "Require(39) node_modules/egg-schedule/app.js",
    "start": 1575691673078,
    "end": 1575691673079,
    "duration": 1,
    "pid": 17050,
    "index": 48
  },
  {
    "name": "Require(40) node_modules/egg-multipart/app.js",
    "start": 1575691673079,
    "end": 1575691673080,
    "duration": 1,
    "pid": 17050,
    "index": 49
  },
  {
    "name": "Require(41) node_modules/egg-development/app.js",
    "start": 1575691673081,
    "end": 1575691673081,
    "duration": 0,
    "pid": 17050,
    "index": 50
  },
  {
    "name": "Require(42) node_modules/egg-logrotator/app.js",
    "start": 1575691673081,
    "end": 1575691673081,
    "duration": 0,
    "pid": 17050,
    "index": 51
  },
  {
    "name": "Require(43) node_modules/egg-static/app.js",
    "start": 1575691673081,
    "end": 1575691673081,
    "duration": 0,
    "pid": 17050,
    "index": 52
  },
  {
    "name": "Before Start in node_modules/egg-watcher/lib/init.js:15:14",
    "start": 1575691673090,
    "end": 1575691673178,
    "duration": 88,
    "pid": 17050,
    "index": 53
  },
  {
    "name": "Load Service",
    "start": 1575691673110,
    "end": 1575691673114,
    "duration": 4,
    "pid": 17050,
    "index": 54
  },
  {
    "name": "Load \"service\" to Context",
    "start": 1575691673110,
    "end": 1575691673114,
    "duration": 4,
    "pid": 17050,
    "index": 55
  },
  {
    "name": "Load Middleware",
    "start": 1575691673114,
    "end": 1575691673158,
    "duration": 44,
    "pid": 17050,
    "index": 56
  },
  {
    "name": "Load \"middlewares\" to Application",
    "start": 1575691673114,
    "end": 1575691673152,
    "duration": 38,
    "pid": 17050,
    "index": 57
  },
  {
    "name": "Load Controller",
    "start": 1575691673158,
    "end": 1575691673160,
    "duration": 2,
    "pid": 17050,
    "index": 58
  },
  {
    "name": "Load \"controller\" to Application",
    "start": 1575691673158,
    "end": 1575691673160,
    "duration": 2,
    "pid": 17050,
    "index": 59
  },
  {
    "name": "Load Router",
    "start": 1575691673160,
    "end": 1575691673162,
    "duration": 2,
    "pid": 17050,
    "index": 60
  },
  {
    "name": "Require(44) app/router.js",
    "start": 1575691673160,
    "end": 1575691673160,
    "duration": 0,
    "pid": 17050,
    "index": 61
  },
  {
    "name": "Before Start in node_modules/egg-core/lib/egg.js:303:10",
    "start": 1575691673161,
    "end": 1575691673168,
    "duration": 7,
    "pid": 17050,
    "index": 62
  }
]